what,kind,bundleId,bundleVersion,description,time
started,bundle,org.eclipse.wst.dtd.core,1.1.402.v201109061850,"org.eclipse.wst.dtd.core",1379753708796
error,log,,,"Failed to load properties file for project 'SpinnerTest'",1379753709640
activated,workbench,org.eclipse.ui.workbench,3.6.2.M20110210-1200,"",1379753709687
opened,editor,com.android.ide.eclipse.adt,22.0.1.v201305230001--685705,"com.android.ide.eclipse.editors.CommonXmlEditor",1379753711406
activated,editor,com.android.ide.eclipse.adt,22.0.1.v201305230001--685705,"com.android.ide.eclipse.editors.CommonXmlEditor",1379753711562
started,bundle,com.google.gdt.eclipse.maven,3.2.4.v201306061640-rel-r36,"com.google.gdt.eclipse.maven",1379753712484
executed,command,org.eclipse.ui,3.6.2.M20110203-1100,"org.eclipse.ui.edit.delete",1379753717390
executed,command,org.eclipse.ui,3.6.2.M20110203-1100,"org.eclipse.ui.file.save",1379753763656
deactivated,workbench,org.eclipse.ui.workbench,3.6.2.M20110210-1200,"",1379753766375
activated,workbench,org.eclipse.ui.workbench,3.6.2.M20110210-1200,"",1379753768406
activated,view,org.eclipse.jdt.ui,3.6.2.r362_v20110203,"org.eclipse.jdt.ui.PackageExplorer",1379753776703
opened,editor,org.eclipse.jdt.ui,3.6.2.r362_v20110203,"org.eclipse.jdt.ui.CompilationUnitEditor",1379753802312
started,bundle,org.eclipse.jdt.debug,3.6.1.v20100715_r361,"org.eclipse.jdt.debug",1379753808031
started,bundle,org.eclipse.jdt.debug.ui,3.5.2.v20100928a_r362,"org.eclipse.jdt.debug.ui",1379753809343
activated,editor,org.eclipse.jdt.ui,3.6.2.r362_v20110203,"org.eclipse.jdt.ui.CompilationUnitEditor",1379753837593
deactivated,workbench,org.eclipse.ui.workbench,3.6.2.M20110210-1200,"",1379753837906
activated,workbench,org.eclipse.ui.workbench,3.6.2.M20110210-1200,"",1379753846250
executed,command,org.eclipse.ui,3.6.2.M20110203-1100,"org.eclipse.ui.edit.delete",1379753850062
started,bundle,org.eclipse.jdt.junit,3.6.1.r361_v20100825-0800,"org.eclipse.jdt.junit",1379753850953
started,bundle,org.eclipse.mylyn.ide.ui,3.4.0.v20100608-0100-e3x,"org.eclipse.mylyn.ide.ui",1379753853875
started,bundle,org.eclipse.jst.ws.jaxws.ui,1.0.1.v201008232129,"org.eclipse.jst.ws.jaxws.ui",1379753854015
started,bundle,org.eclipse.mylyn.java.ui,3.4.0.v20100608-0100-e3x,"org.eclipse.mylyn.java.ui",1379753854093
started,bundle,org.eclipse.pde.api.tools,1.0.202.v20100820_r361,"org.eclipse.pde.api.tools",1379753854343
started,bundle,org.eclipse.pde.api.tools.ui,1.0.201.v20100820_r361,"org.eclipse.pde.api.tools.ui",1379753854343
executed,command,org.eclipse.ui,3.6.2.M20110203-1100,"org.eclipse.ui.edit.text.contentAssist.proposals",1379753856000
executed,command,org.eclipse.ui.workbench.texteditor,3.6.1.r361_v20100714-0800,"org.eclipse.ui.edit.text.goto.lineEnd",1379753860843
executed,command,org.eclipse.ui,3.6.2.M20110203-1100,"org.eclipse.ui.edit.text.contentAssist.proposals",1379753862125
executed,command,org.eclipse.ui,3.6.2.M20110203-1100,"org.eclipse.ui.edit.text.contentAssist.proposals",1379753864265
executed,command,org.eclipse.ui,3.6.2.M20110203-1100,"org.eclipse.ui.edit.text.contentAssist.proposals",1379753867875
executed,command,org.eclipse.ui,3.6.2.M20110203-1100,"org.eclipse.ui.file.save",1379753870359
deactivated,workbench,org.eclipse.ui.workbench,3.6.2.M20110210-1200,"",1379753873156
activated,workbench,org.eclipse.ui.workbench,3.6.2.M20110210-1200,"",1379753873250
activated,view,org.eclipse.jdt.ui,3.6.2.r362_v20110203,"org.eclipse.jdt.ui.PackageExplorer",1379753881875
opened,editor,org.eclipse.jdt.ui,3.6.2.r362_v20110203,"org.eclipse.jdt.ui.CompilationUnitEditor",1379753886953
activated,editor,org.eclipse.jdt.ui,3.6.2.r362_v20110203,"org.eclipse.jdt.ui.CompilationUnitEditor",1379753887000
activated,editor,org.eclipse.jdt.ui,3.6.2.r362_v20110203,"org.eclipse.jdt.ui.CompilationUnitEditor",1379753892593
closed,editor,org.eclipse.jdt.ui,3.6.2.r362_v20110203,"org.eclipse.jdt.ui.CompilationUnitEditor",1379753892593
activated,view,org.eclipse.jdt.ui,3.6.2.r362_v20110203,"org.eclipse.jdt.ui.PackageExplorer",1379753893671
opened,editor,org.eclipse.jdt.ui,3.6.2.r362_v20110203,"org.eclipse.jdt.ui.CompilationUnitEditor",1379753895234
activated,editor,org.eclipse.jdt.ui,3.6.2.r362_v20110203,"org.eclipse.jdt.ui.CompilationUnitEditor",1379753895296
executed,command,org.eclipse.ui.workbench.texteditor,3.6.1.r361_v20100714-0800,"org.eclipse.ui.edit.text.select.lineEnd",1379753901375
executed,command,org.eclipse.ui,3.6.2.M20110203-1100,"org.eclipse.ui.edit.copy",1379753901890
activated,editor,org.eclipse.jdt.ui,3.6.2.r362_v20110203,"org.eclipse.jdt.ui.CompilationUnitEditor",1379753903484
executed,command,org.eclipse.ui,3.6.2.M20110203-1100,"org.eclipse.ui.edit.paste",1379753905515
activated,editor,org.eclipse.jdt.ui,3.6.2.r362_v20110203,"org.eclipse.jdt.ui.CompilationUnitEditor",1379753909406
executed,command,org.eclipse.ui,3.6.2.M20110203-1100,"org.eclipse.ui.edit.paste",1379753915218
executed,command,org.eclipse.ui,3.6.2.M20110203-1100,"org.eclipse.ui.edit.paste",1379753915437
executed,command,org.eclipse.ui,3.6.2.M20110203-1100,"org.eclipse.ui.edit.undo",1379753916812
executed,command,org.eclipse.ui,3.6.2.M20110203-1100,"org.eclipse.ui.edit.undo",1379753916984
executed,command,org.eclipse.ui,3.6.2.M20110203-1100,"org.eclipse.ui.edit.copy",1379753917953
executed,command,org.eclipse.ui,3.6.2.M20110203-1100,"org.eclipse.ui.edit.copy",1379753918125
executed,command,org.eclipse.ui,3.6.2.M20110203-1100,"org.eclipse.ui.edit.copy",1379753918250
activated,editor,org.eclipse.jdt.ui,3.6.2.r362_v20110203,"org.eclipse.jdt.ui.CompilationUnitEditor",1379753919250
closed,editor,org.eclipse.jdt.ui,3.6.2.r362_v20110203,"org.eclipse.jdt.ui.CompilationUnitEditor",1379753919250
executed,command,org.eclipse.ui,3.6.2.M20110203-1100,"org.eclipse.ui.edit.paste",1379753922484
executed,command,org.eclipse.ui,3.6.2.M20110203-1100,"org.eclipse.ui.edit.text.contentAssist.proposals",1379753934796
executed,command,org.eclipse.ui,3.6.2.M20110203-1100,"org.eclipse.ui.edit.text.contentAssist.proposals",1379753937343
executed,command,org.eclipse.ui,3.6.2.M20110203-1100,"org.eclipse.ui.edit.text.contentAssist.proposals",1379753941703
executed,command,org.eclipse.ui,3.6.2.M20110203-1100,"org.eclipse.ui.edit.text.contentAssist.proposals",1379753944390
executed,command,org.eclipse.ui,3.6.2.M20110203-1100,"org.eclipse.ui.edit.undo",1379753947250
executed,command,org.eclipse.ui,3.6.2.M20110203-1100,"org.eclipse.ui.edit.undo",1379753947578
executed,command,org.eclipse.ui,3.6.2.M20110203-1100,"org.eclipse.ui.edit.undo",1379753947906
executed,command,org.eclipse.ui,3.6.2.M20110203-1100,"org.eclipse.ui.edit.text.contentAssist.proposals",1379753949062
executed,command,org.eclipse.ui,3.6.2.M20110203-1100,"org.eclipse.ui.edit.text.contentAssist.proposals",1379753951328
executed,command,org.eclipse.ui,3.6.2.M20110203-1100,"org.eclipse.ui.edit.text.contentAssist.proposals",1379753962296
executed,command,org.eclipse.ui,3.6.2.M20110203-1100,"org.eclipse.ui.edit.text.contentAssist.proposals",1379753970093
executed,command,org.eclipse.ui.workbench.texteditor,3.6.1.r361_v20100714-0800,"org.eclipse.ui.edit.text.select.wordNext",1379753975859
executed,command,org.eclipse.ui,3.6.2.M20110203-1100,"org.eclipse.ui.edit.delete",1379753977140
executed,command,org.eclipse.ui,3.6.2.M20110203-1100,"org.eclipse.ui.edit.text.contentAssist.proposals",1379753979140
executed,command,org.eclipse.ui,3.6.2.M20110203-1100,"org.eclipse.ui.edit.text.contentAssist.proposals",1379753988046
executed,command,org.eclipse.ui,3.6.2.M20110203-1100,"org.eclipse.ui.file.save",1379753994640
activated,view,org.eclipse.jdt.ui,3.6.2.r362_v20110203,"org.eclipse.jdt.ui.PackageExplorer",1379753997281
started,bundle,org.eclipse.jdt.junit.core,3.6.1.r361_v20100825-0800,"org.eclipse.jdt.junit.core",1379754002437
started,bundle,com.android.ide.eclipse.ddms,22.0.1.v201305230001--685705,"com.android.ide.eclipse.ddms",1379754004125
executed,command,,,"com.android.ide.eclipse.adt.debug.launching.LaunchShortcut.run",1379754004906
deactivated,workbench,org.eclipse.ui.workbench,3.6.2.M20110210-1200,"",1379754005234
opened,view,org.eclipse.ui.console,3.5.0.v20100526,"org.eclipse.ui.console.ConsoleView",1379754016015
opened,view,com.android.ide.eclipse.ddms,22.0.1.v201305230001--685705,"com.android.ide.eclipse.ddms.views.LogCatView",1379754030906
activated,view,com.android.ide.eclipse.ddms,22.0.1.v201305230001--685705,"com.android.ide.eclipse.ddms.views.LogCatView",1379754030937
activated,workbench,org.eclipse.ui.workbench,3.6.2.M20110210-1200,"",1379754034343
activated,editor,org.eclipse.jdt.ui,3.6.2.r362_v20110203,"org.eclipse.jdt.ui.CompilationUnitEditor",1379754035281
activated,view,com.android.ide.eclipse.ddms,22.0.1.v201305230001--685705,"com.android.ide.eclipse.ddms.views.LogCatView",1379754041468
activated,editor,org.eclipse.jdt.ui,3.6.2.r362_v20110203,"org.eclipse.jdt.ui.CompilationUnitEditor",1379754042296
activated,view,com.android.ide.eclipse.ddms,22.0.1.v201305230001--685705,"com.android.ide.eclipse.ddms.views.LogCatView",1379754042750
activated,editor,org.eclipse.jdt.ui,3.6.2.r362_v20110203,"org.eclipse.jdt.ui.CompilationUnitEditor",1379754065843
activated,view,com.android.ide.eclipse.ddms,22.0.1.v201305230001--685705,"com.android.ide.eclipse.ddms.views.LogCatView",1379754087859
activated,editor,org.eclipse.jdt.ui,3.6.2.r362_v20110203,"org.eclipse.jdt.ui.CompilationUnitEditor",1379754093078
executed,command,org.eclipse.ui,3.6.2.M20110203-1100,"org.eclipse.ui.edit.text.contentAssist.proposals",1379754100687
executed,command,org.eclipse.ui,3.6.2.M20110203-1100,"org.eclipse.ui.edit.text.contentAssist.proposals",1379754103078
executed,command,org.eclipse.ui,3.6.2.M20110203-1100,"org.eclipse.ui.file.save",1379754105140
deactivated,workbench,org.eclipse.ui.workbench,3.6.2.M20110210-1200,"",1379754110515
activated,workbench,org.eclipse.ui.workbench,3.6.2.M20110210-1200,"",1379754110515
deactivated,workbench,org.eclipse.ui.workbench,3.6.2.M20110210-1200,"",1379754110609
activated,view,com.android.ide.eclipse.ddms,22.0.1.v201305230001--685705,"com.android.ide.eclipse.ddms.views.LogCatView",1379754120000
activated,workbench,org.eclipse.ui.workbench,3.6.2.M20110210-1200,"",1379754141437
activated,editor,org.eclipse.jdt.ui,3.6.2.r362_v20110203,"org.eclipse.jdt.ui.CompilationUnitEditor",1379754141453
deactivated,workbench,org.eclipse.ui.workbench,3.6.2.M20110210-1200,"",1379754144062
activated,workbench,org.eclipse.ui.workbench,3.6.2.M20110210-1200,"",1379754148375
activated,editor,com.android.ide.eclipse.adt,22.0.1.v201305230001--685705,"com.android.ide.eclipse.editors.CommonXmlEditor",1379754151046
activated,view,org.eclipse.jdt.ui,3.6.2.r362_v20110203,"org.eclipse.jdt.ui.PackageExplorer",1379754163718
deactivated,workbench,org.eclipse.ui.workbench,3.6.2.M20110210-1200,"",1379754174921
activated,workbench,org.eclipse.ui.workbench,3.6.2.M20110210-1200,"",1379754188828
opened,editor,com.android.ide.eclipse.adt,22.0.1.v201305230001--685705,"com.android.ide.eclipse.editors.CommonXmlEditor",1379754190296
activated,editor,com.android.ide.eclipse.adt,22.0.1.v201305230001--685705,"com.android.ide.eclipse.editors.CommonXmlEditor",1379754190406
executed,command,org.eclipse.ui,3.6.2.M20110203-1100,"org.eclipse.ui.file.save",1379754213609
activated,view,org.eclipse.jdt.ui,3.6.2.r362_v20110203,"org.eclipse.jdt.ui.PackageExplorer",1379754214890
executed,command,org.eclipse.ui,3.6.2.M20110203-1100,"org.eclipse.ui.edit.copy",1379754217734
started,bundle,org.eclipse.wst.jsdt.manipulation,1.0.200.v201004150600,"org.eclipse.wst.jsdt.manipulation",1379754218734
started,bundle,org.eclipse.wst.jsdt.core,1.1.8.v201109150205,"org.eclipse.wst.jsdt.core",1379754219109
started,bundle,org.eclipse.wst.jsdt.ui,1.1.7.v201109150205,"org.eclipse.wst.jsdt.ui",1379754219281
deactivated,workbench,org.eclipse.ui.workbench,3.6.2.M20110210-1200,"",1379754220140
activated,workbench,org.eclipse.ui.workbench,3.6.2.M20110210-1200,"",1379754231781
executed,command,org.eclipse.ui,3.6.2.M20110203-1100,"org.eclipse.ui.edit.paste",1379754232078
activated,editor,org.eclipse.jdt.ui,3.6.2.r362_v20110203,"org.eclipse.jdt.ui.CompilationUnitEditor",1379754233984
executed,command,org.eclipse.ui,3.6.2.M20110203-1100,"org.eclipse.ui.edit.text.contentAssist.proposals",1379754240484
executed,command,org.eclipse.ui,3.6.2.M20110203-1100,"org.eclipse.ui.edit.delete",1379754248671
executed,command,org.eclipse.ui.workbench.texteditor,3.6.1.r361_v20100714-0800,"org.eclipse.ui.edit.text.goto.lineEnd",1379754256328
executed,command,org.eclipse.ui.workbench.texteditor,3.6.1.r361_v20100714-0800,"org.eclipse.ui.edit.text.select.lineStart",1379754256703
executed,command,org.eclipse.ui,3.6.2.M20110203-1100,"org.eclipse.ui.edit.text.contentAssist.proposals",1379754258812
executed,command,org.eclipse.ui,3.6.2.M20110203-1100,"org.eclipse.ui.edit.text.contentAssist.proposals",1379754261875
executed,command,org.eclipse.ui,3.6.2.M20110203-1100,"org.eclipse.ui.edit.text.contentAssist.proposals",1379754264578
executed,command,org.eclipse.ui,3.6.2.M20110203-1100,"org.eclipse.ui.edit.text.contentAssist.proposals",1379754268609
executed,command,org.eclipse.ui,3.6.2.M20110203-1100,"org.eclipse.ui.file.save",1379754271015
deactivated,workbench,org.eclipse.ui.workbench,3.6.2.M20110210-1200,"",1379754274515
activated,workbench,org.eclipse.ui.workbench,3.6.2.M20110210-1200,"",1379754274609
executed,command,org.eclipse.ui,3.6.2.M20110203-1100,"org.eclipse.ui.edit.text.contentAssist.proposals",1379754280546
executed,command,org.eclipse.ui,3.6.2.M20110203-1100,"org.eclipse.ui.file.save",1379754282968
executed,command,org.eclipse.ui,3.6.2.M20110203-1100,"org.eclipse.ui.edit.text.contentAssist.proposals",1379754289046
executed,command,org.eclipse.ui,3.6.2.M20110203-1100,"org.eclipse.ui.file.save",1379754291453
deactivated,workbench,org.eclipse.ui.workbench,3.6.2.M20110210-1200,"",1379754294140
activated,workbench,org.eclipse.ui.workbench,3.6.2.M20110210-1200,"",1379754296468
deactivated,workbench,org.eclipse.ui.workbench,3.6.2.M20110210-1200,"",1379754300875
activated,workbench,org.eclipse.ui.workbench,3.6.2.M20110210-1200,"",1379754313171
activated,view,com.android.ide.eclipse.ddms,22.0.1.v201305230001--685705,"com.android.ide.eclipse.ddms.views.LogCatView",1379754314578
deactivated,workbench,org.eclipse.ui.workbench,3.6.2.M20110210-1200,"",1379754317484
activated,workbench,org.eclipse.ui.workbench,3.6.2.M20110210-1200,"",1379754350390
activated,editor,org.eclipse.jdt.ui,3.6.2.r362_v20110203,"org.eclipse.jdt.ui.CompilationUnitEditor",1379754350406
executed,command,org.eclipse.ui.workbench.texteditor,3.6.1.r361_v20100714-0800,"org.eclipse.ui.edit.text.goto.lineEnd",1379754358671
executed,command,org.eclipse.ui,3.6.2.M20110203-1100,"org.eclipse.ui.edit.text.contentAssist.proposals",1379754360765
executed,command,org.eclipse.ui.workbench.texteditor,3.6.1.r361_v20100714-0800,"org.eclipse.ui.edit.text.goto.lineEnd",1379754377656
executed,command,org.eclipse.ui.workbench.texteditor,3.6.1.r361_v20100714-0800,"org.eclipse.ui.edit.text.select.wordNext",1379754387875
executed,command,org.eclipse.ui.workbench.texteditor,3.6.1.r361_v20100714-0800,"org.eclipse.ui.edit.text.select.wordNext",1379754398156
executed,command,org.eclipse.ui.workbench.texteditor,3.6.1.r361_v20100714-0800,"org.eclipse.ui.edit.text.select.wordNext",1379754401453
executed,command,org.eclipse.ui,3.6.2.M20110203-1100,"org.eclipse.ui.file.save",1379754411296
deactivated,workbench,org.eclipse.ui.workbench,3.6.2.M20110210-1200,"",1379754414937
activated,view,com.android.ide.eclipse.ddms,22.0.1.v201305230001--685705,"com.android.ide.eclipse.ddms.views.LogCatView",1379754426203
activated,workbench,org.eclipse.ui.workbench,3.6.2.M20110210-1200,"",1379754571734
activated,editor,org.eclipse.jdt.ui,3.6.2.r362_v20110203,"org.eclipse.jdt.ui.CompilationUnitEditor",1379754571750
activated,view,org.eclipse.jdt.ui,3.6.2.r362_v20110203,"org.eclipse.jdt.ui.PackageExplorer",1379754572968
closed,editor,com.android.ide.eclipse.adt,22.0.1.v201305230001--685705,"com.android.ide.eclipse.editors.CommonXmlEditor",1379754575671
error,log,,,"assertion failed: ",1379754575968
activated,view,org.eclipse.jdt.ui,3.6.2.r362_v20110203,"org.eclipse.jdt.ui.PackageExplorer",1379754577328
deactivated,workbench,org.eclipse.ui.workbench,3.6.2.M20110210-1200,"",1379754591218
activated,workbench,org.eclipse.ui.workbench,3.6.2.M20110210-1200,"",1379754600593
opened,editor,org.eclipse.jdt.ui,3.6.2.r362_v20110203,"org.eclipse.jdt.ui.CompilationUnitEditor",1379754601093
activated,editor,org.eclipse.jdt.ui,3.6.2.r362_v20110203,"org.eclipse.jdt.ui.CompilationUnitEditor",1379754601125
activated,view,com.android.ide.eclipse.ddms,22.0.1.v201305230001--685705,"com.android.ide.eclipse.ddms.views.LogCatView",1379754604046
activated,editor,org.eclipse.jdt.ui,3.6.2.r362_v20110203,"org.eclipse.jdt.ui.CompilationUnitEditor",1379754604062
executed,command,org.eclipse.ui,3.6.2.M20110203-1100,"org.eclipse.ui.edit.text.contentAssist.proposals",1379754606718
executed,command,org.eclipse.ui,3.6.2.M20110203-1100,"org.eclipse.ui.edit.text.contentAssist.proposals",1379754610234
activated,view,org.eclipse.jdt.ui,3.6.2.r362_v20110203,"org.eclipse.jdt.ui.PackageExplorer",1379754616515
opened,editor,com.android.ide.eclipse.adt,22.0.1.v201305230001--685705,"com.android.ide.eclipse.editors.CommonXmlEditor",1379754623937
activated,editor,com.android.ide.eclipse.adt,22.0.1.v201305230001--685705,"com.android.ide.eclipse.editors.CommonXmlEditor",1379754624031
activated,editor,org.eclipse.jdt.ui,3.6.2.r362_v20110203,"org.eclipse.jdt.ui.CompilationUnitEditor",1379754627234
executed,command,org.eclipse.ui,3.6.2.M20110203-1100,"org.eclipse.ui.edit.text.contentAssist.proposals",1379754629734
executed,command,org.eclipse.ui.workbench.texteditor,3.6.1.r361_v20100714-0800,"org.eclipse.ui.edit.text.goto.lineEnd",1379754631578
executed,command,org.eclipse.ui,3.6.2.M20110203-1100,"org.eclipse.ui.edit.text.contentAssist.proposals",1379754632937
executed,command,org.eclipse.ui,3.6.2.M20110203-1100,"org.eclipse.ui.file.save",1379754640515
executed,command,org.eclipse.ui.workbench.texteditor,3.6.1.r361_v20100714-0800,"org.eclipse.ui.edit.text.goto.lineEnd",1379754643500
executed,command,org.eclipse.ui,3.6.2.M20110203-1100,"org.eclipse.ui.edit.text.contentAssist.proposals",1379754648734
executed,command,org.eclipse.ui.workbench.texteditor,3.6.1.r361_v20100714-0800,"org.eclipse.ui.edit.text.goto.lineEnd",1379754653515
executed,command,org.eclipse.ui,3.6.2.M20110203-1100,"org.eclipse.ui.edit.text.contentAssist.proposals",1379754655890
executed,command,org.eclipse.ui,3.6.2.M20110203-1100,"org.eclipse.ui.file.save",1379754660843
deactivated,workbench,org.eclipse.ui.workbench,3.6.2.M20110210-1200,"",1379754663687
activated,workbench,org.eclipse.ui.workbench,3.6.2.M20110210-1200,"",1379754663796
executed,command,org.eclipse.ui,3.6.2.M20110203-1100,"org.eclipse.ui.file.save",1379754665343
activated,view,org.eclipse.jdt.ui,3.6.2.r362_v20110203,"org.eclipse.jdt.ui.PackageExplorer",1379754667734
opened,editor,org.eclipse.jdt.ui,3.6.2.r362_v20110203,"org.eclipse.jdt.ui.CompilationUnitEditor",1379754670359
activated,editor,org.eclipse.jdt.ui,3.6.2.r362_v20110203,"org.eclipse.jdt.ui.CompilationUnitEditor",1379754670390
executed,command,org.eclipse.ui,3.6.2.M20110203-1100,"org.eclipse.ui.edit.copy",1379754673750
activated,editor,org.eclipse.jdt.ui,3.6.2.r362_v20110203,"org.eclipse.jdt.ui.CompilationUnitEditor",1379754676062
executed,command,org.eclipse.ui,3.6.2.M20110203-1100,"org.eclipse.ui.edit.paste",1379754678015
activated,editor,org.eclipse.jdt.ui,3.6.2.r362_v20110203,"org.eclipse.jdt.ui.CompilationUnitEditor",1379754683078
executed,command,org.eclipse.ui,3.6.2.M20110203-1100,"org.eclipse.ui.edit.copy",1379754689875
executed,command,org.eclipse.ui,3.6.2.M20110203-1100,"org.eclipse.ui.edit.copy",1379754690078
executed,command,org.eclipse.ui,3.6.2.M20110203-1100,"org.eclipse.ui.edit.copy",1379754690218
activated,editor,org.eclipse.jdt.ui,3.6.2.r362_v20110203,"org.eclipse.jdt.ui.CompilationUnitEditor",1379754691328
executed,command,org.eclipse.ui.workbench.texteditor,3.6.1.r361_v20100714-0800,"org.eclipse.ui.edit.text.goto.lineEnd",1379754693406
executed,command,org.eclipse.ui,3.6.2.M20110203-1100,"org.eclipse.ui.edit.paste",1379754694203
executed,command,org.eclipse.ui,3.6.2.M20110203-1100,"org.eclipse.ui.edit.text.contentAssist.proposals",1379754699593
started,bundle,org.eclipse.mylyn.java.tasks,3.4.0.v20100608-0100-e3x,"org.eclipse.mylyn.java.tasks",1379754702078
executed,command,org.eclipse.ui,3.6.2.M20110203-1100,"org.eclipse.ui.file.save",1379754702250
activated,view,org.eclipse.jdt.ui,3.6.2.r362_v20110203,"org.eclipse.jdt.ui.PackageExplorer",1379754707593
opened,editor,com.android.ide.eclipse.adt,22.0.1.v201305230001--685705,"com.android.ide.eclipse.editors.manifest.ManifestEditor",1379754715171
activated,editor,com.android.ide.eclipse.adt,22.0.1.v201305230001--685705,"com.android.ide.eclipse.editors.manifest.ManifestEditor",1379754715250
deactivated,workbench,org.eclipse.ui.workbench,3.6.2.M20110210-1200,"",1379754724968
activated,workbench,org.eclipse.ui.workbench,3.6.2.M20110210-1200,"",1379754734156
executed,command,org.eclipse.ui,3.6.2.M20110203-1100,"org.eclipse.ui.file.save",1379754735078
activated,editor,org.eclipse.jdt.ui,3.6.2.r362_v20110203,"org.eclipse.jdt.ui.CompilationUnitEditor",1379754740140
closed,editor,com.android.ide.eclipse.adt,22.0.1.v201305230001--685705,"com.android.ide.eclipse.editors.manifest.ManifestEditor",1379754740140
deactivated,workbench,org.eclipse.ui.workbench,3.6.2.M20110210-1200,"",1379754744375
activated,view,com.android.ide.eclipse.ddms,22.0.1.v201305230001--685705,"com.android.ide.eclipse.ddms.views.LogCatView",1379754754984
activated,workbench,org.eclipse.ui.workbench,3.6.2.M20110210-1200,"",1379754763562
activated,editor,org.eclipse.jdt.ui,3.6.2.r362_v20110203,"org.eclipse.jdt.ui.CompilationUnitEditor",1379754763593
executed,command,org.eclipse.ui,3.6.2.M20110203-1100,"org.eclipse.ui.edit.text.contentAssist.proposals",1379754804703
executed,command,org.eclipse.ui.workbench.texteditor,3.6.1.r361_v20100714-0800,"org.eclipse.ui.edit.text.goto.lineEnd",1379754816578
executed,command,org.eclipse.ui,3.6.2.M20110203-1100,"org.eclipse.ui.file.save",1379754817531
deactivated,workbench,org.eclipse.ui.workbench,3.6.2.M20110210-1200,"",1379754822484
activated,workbench,org.eclipse.ui.workbench,3.6.2.M20110210-1200,"",1379754865562
executed,command,org.eclipse.ui.workbench.texteditor,3.6.1.r361_v20100714-0800,"org.eclipse.ui.edit.text.select.lineEnd",1379754875031
executed,command,org.eclipse.ui,3.6.2.M20110203-1100,"org.eclipse.ui.edit.copy",1379754875500
executed,command,org.eclipse.ui.workbench.texteditor,3.6.1.r361_v20100714-0800,"org.eclipse.ui.edit.text.goto.lineEnd",1379754875796
executed,command,org.eclipse.ui,3.6.2.M20110203-1100,"org.eclipse.ui.edit.paste",1379754876437
executed,command,org.eclipse.ui,3.6.2.M20110203-1100,"org.eclipse.ui.edit.text.contentAssist.proposals",1379754880781
executed,command,org.eclipse.ui.workbench.texteditor,3.6.1.r361_v20100714-0800,"org.eclipse.ui.edit.text.select.lineStart",1379754883984
executed,command,org.eclipse.ui,3.6.2.M20110203-1100,"org.eclipse.ui.edit.copy",1379754884453
executed,command,org.eclipse.jdt.ui,3.6.2.r362_v20110203,"org.eclipse.jdt.ui.edit.text.java.toggle.comment",1379754886187
executed,command,org.eclipse.ui.workbench.texteditor,3.6.1.r361_v20100714-0800,"org.eclipse.ui.edit.text.goto.lineEnd",1379754887109
executed,command,org.eclipse.ui,3.6.2.M20110203-1100,"org.eclipse.ui.edit.paste",1379754887843
executed,command,org.eclipse.ui,3.6.2.M20110203-1100,"org.eclipse.ui.edit.text.contentAssist.proposals",1379754891750
executed,command,org.eclipse.ui,3.6.2.M20110203-1100,"org.eclipse.ui.file.save",1379754893437
deactivated,workbench,org.eclipse.ui.workbench,3.6.2.M20110210-1200,"",1379754898078
activated,view,com.android.ide.eclipse.ddms,22.0.1.v201305230001--685705,"com.android.ide.eclipse.ddms.views.LogCatView",1379754908671
activated,workbench,org.eclipse.ui.workbench,3.6.2.M20110210-1200,"",1379755029593
activated,editor,org.eclipse.jdt.ui,3.6.2.r362_v20110203,"org.eclipse.jdt.ui.CompilationUnitEditor",1379755029609
executed,command,org.eclipse.ui.workbench.texteditor,3.6.1.r361_v20100714-0800,"org.eclipse.ui.edit.text.goto.lineEnd",1379755032312
executed,command,org.eclipse.ui,3.6.2.M20110203-1100,"org.eclipse.ui.edit.text.contentAssist.proposals",1379755037921
executed,command,org.eclipse.ui,3.6.2.M20110203-1100,"org.eclipse.ui.edit.text.contentAssist.proposals",1379755038546
executed,command,org.eclipse.ui,3.6.2.M20110203-1100,"org.eclipse.ui.edit.text.contentAssist.proposals",1379755038734
executed,command,org.eclipse.ui,3.6.2.M20110203-1100,"org.eclipse.ui.edit.text.contentAssist.proposals",1379755038906
executed,command,org.eclipse.ui,3.6.2.M20110203-1100,"org.eclipse.ui.edit.text.contentAssist.proposals",1379755039109
executed,command,org.eclipse.ui,3.6.2.M20110203-1100,"org.eclipse.ui.edit.text.contentAssist.proposals",1379755055187
executed,command,org.eclipse.jdt.ui,3.6.2.r362_v20110203,"org.eclipse.jdt.ui.edit.text.java.organize.imports",1379755060343
deactivated,workbench,org.eclipse.ui.workbench,3.6.2.M20110210-1200,"",1379755063734
activated,workbench,org.eclipse.ui.workbench,3.6.2.M20110210-1200,"",1379755063828
executed,command,org.eclipse.ui.workbench.texteditor,3.6.1.r361_v20100714-0800,"org.eclipse.ui.edit.text.goto.lineEnd",1379755073406
executed,command,org.eclipse.ui,3.6.2.M20110203-1100,"org.eclipse.ui.edit.delete",1379755073734
executed,command,org.eclipse.ui,3.6.2.M20110203-1100,"org.eclipse.ui.edit.delete",1379755074312
executed,command,org.eclipse.ui,3.6.2.M20110203-1100,"org.eclipse.ui.edit.delete",1379755074625
executed,command,org.eclipse.ui,3.6.2.M20110203-1100,"org.eclipse.ui.edit.delete",1379755074828
executed,command,org.eclipse.ui,3.6.2.M20110203-1100,"org.eclipse.ui.edit.delete",1379755074984
executed,command,org.eclipse.ui,3.6.2.M20110203-1100,"org.eclipse.ui.edit.delete",1379755075296
executed,command,org.eclipse.ui,3.6.2.M20110203-1100,"org.eclipse.ui.edit.text.contentAssist.proposals",1379755134937
executed,command,org.eclipse.jdt.ui,3.6.2.r362_v20110203,"org.eclipse.jdt.ui.edit.text.java.toggle.comment",1379755152406
executed,command,org.eclipse.ui,3.6.2.M20110203-1100,"org.eclipse.ui.file.save",1379755154468
activated,view,org.eclipse.jdt.ui,3.6.2.r362_v20110203,"org.eclipse.jdt.ui.PackageExplorer",1379755291156
deactivated,workbench,org.eclipse.ui.workbench,3.6.2.M20110210-1200,"",1379755297171
activated,workbench,org.eclipse.ui.workbench,3.6.2.M20110210-1200,"",1379755304859
opened,editor,org.eclipse.jdt.ui,3.6.2.r362_v20110203,"org.eclipse.jdt.ui.CompilationUnitEditor",1379755304937
activated,editor,org.eclipse.jdt.ui,3.6.2.r362_v20110203,"org.eclipse.jdt.ui.CompilationUnitEditor",1379755304968
